Modelo,MAE,RMSE,R2
Random Forest,0.006231481481481477,0.007831312636663708,0.9966081966478108
XGBoost,0.007451019425359036,0.009568524924919792,0.9949364917003146
LightGBM,0.006279320986858335,0.007894832605089344,0.9965529515054449
LSTM,0.00610345557414823,0.0075412968763709735,0.9968547612548126
GRU,0.007020536767111883,0.008949222278885293,0.9955707302389033
Prophet,0.007774167318934505,0.010142717218481876,0.9943105514292144
